[
    { "src": "https://img.pokemondb.net/artwork/bulbasaur.jpg", "alt": "Bulbasaur", "width": 360, "height": 336 },
    { "src": "https://img.pokemondb.net/artwork/drifloon.jpg", "alt": "Drifloon", "width": 246, "height": 400 },
    { "src": "https://img.pokemondb.net/artwork/bellossom.jpg", "alt": "Bellossom", "width": 360, "height": 399 },
    { "src": "https://img.pokemondb.net/artwork/staravia.jpg", "alt": "Staravia", "width": 269, "height": 400 },
    { "src": "https://img.pokemondb.net/artwork/zebstrika.jpg", "alt": "Zebstrika", "width": 251, "height": 305 },
    { "src": "https://img.pokemondb.net/artwork/vector/jellicent-female.png", "alt": "Jellicent", "width": 301, "height": 277 },
    { "src": "https://img.pokemondb.net/artwork/chandelure.jpg", "alt": "Chandelure", "width": 353, "height": 400 },
    { "src": "https://img.pokemondb.net/artwork/vector/fletchinder.png", "alt": "Fletchinder", "width": 232, "height": 300 },
    { "src": "https://img.pokemondb.net/artwork/vector/honedge.png", "alt": "Honedge", "width": 189, "height": 300 },
    { "src": "https://img.pokemondb.net/artwork/alt/litten-usum.jpg", "alt": "Litten", "width": 352, "height": 367 },
    { "src": "https://img.pokemondb.net/artwork/alt/mimikyu-alt1.jpg", "alt": "Mimikyu", "width": 327, "height": 400 },
    { "src": "https://img.pokemondb.net/artwork/alt/sobble-alt.jpg", "alt": "Sobble", "width": 360, "height": 344 },
    { "src": "https://img.pokemondb.net/artwork/sirfetchd.jpg", "alt": "Sirfetch'd", "width": 210, "height": 400 },
    { "src": "https://img.pokemondb.net/artwork/alt/pikachu-alt1.jpg", "alt": "Pikachu", "width": 330, "height": 400 },
    { "src": "https://img.pokemondb.net/artwork/original/umbreon-gen2.jpg", "alt": "Umbreon", "width": 267, "height": 320 }
]